{
    "error": 1.0,
    "allthetexts": 1.0,
    "play1": 0.2,
    "play2": 0.2,
    "play3": 0.2,
    "chance": 0.02237136465,
    "outoftime": 0.01,
    "juud7": 0.007,
    "grass": 0.0009,
    "reallyspecial": 0.0000833,
    "nine_trillion": 0.000000000000000111111
}