{
    "error": 1.0,
    "play1": 0.2,
    "play2": 0.2,
    "play3": 0.2,
    "absurd_chance": 0.02237136465,
    "that_shit": 0.05007511266
}